Predicted_Yield_Strength,Conditioned_Temp,Active_Elements,Al_frac,Co_frac,Cr_frac,Hf_frac,Mo_frac,Nb_frac,Si_frac,Ta_frac,Ti_frac,V_frac,W_frac,Zr_frac,Alloy_Formula
1199.0778,600.0,6,0.12491373,0.0,0.12784079,0.0,0.0,0.25676435,0.0,0.12646197,0.2188772,0.14514194,0.0,0.0,Al0.12Cr0.13Nb0.26Ta0.13Ti0.22V0.15
1191.9674,600.0,6,0.124103226,0.0,0.12810405,0.0,0.0,0.25733206,0.0,0.1240821,0.22199531,0.14438318,0.0,0.0,Al0.12Cr0.13Nb0.26Ta0.12Ti0.22V0.14
1186.9331,600.0,6,0.12630184,0.0,0.12833251,0.0,0.0,0.2562877,0.0,0.1194071,0.22324982,0.14642097,0.0,0.0,Al0.13Cr0.13Nb0.26Ta0.12Ti0.22V0.15
1182.6298,600.0,6,0.1248665,0.0,0.12717748,0.0,0.0,0.25675312,0.0,0.12323307,0.22227558,0.14569426,0.0,0.0,Al0.12Cr0.13Nb0.26Ta0.12Ti0.22V0.15
1181.5619,600.0,6,0.123947576,0.0,0.12774852,0.0,0.0,0.25709185,0.0,0.12538646,0.22126608,0.14455953,0.0,0.0,Al0.12Cr0.13Nb0.26Ta0.13Ti0.22V0.14
1174.9049,600.0,6,0.1255511,0.0,0.12570208,0.0,0.0,0.2574507,0.0,0.12319438,0.2239053,0.14419653,0.0,0.0,Al0.13Cr0.13Nb0.26Ta0.12Ti0.22V0.14
1168.6396,600.0,6,0.12467188,0.0,0.124925785,0.0,0.0,0.2581273,0.0,0.124266595,0.22370094,0.14430752,0.0,0.0,Al0.12Cr0.12Nb0.26Ta0.12Ti0.22V0.14
1160.17,600.0,6,0.12595733,0.0,0.12618732,0.0,0.0,0.25685,0.0,0.11987042,0.22533141,0.14580354,0.0,0.0,Al0.13Cr0.13Nb0.26Ta0.12Ti0.23V0.15
