Predicted_Yield_Strength,Conditioned_Temp,Active_Elements,Al_frac,Co_frac,Cr_frac,Hf_frac,Mo_frac,Nb_frac,Si_frac,Ta_frac,Ti_frac,V_frac,W_frac,Zr_frac,Alloy_Formula
1500.6589,25.0,6,0.0,0.0,0.0,0.08753743,0.11109514,0.24506347,0.0,0.0,0.2665362,0.10829193,0.0,0.18147582,Hf0.09Mo0.11Nb0.25Ti0.27V0.11Zr0.18
1498.9033,25.0,6,0.0,0.0,0.0,0.089324504,0.10729214,0.24227859,0.0,0.0,0.2685658,0.10720099,0.0,0.18533798,Hf0.09Mo0.11Nb0.24Ti0.27V0.11Zr0.19
1503.8395,25.0,6,0.0,0.0,0.0,0.09082089,0.11102948,0.2423203,0.0,0.0,0.2665097,0.103985526,0.0,0.1853341,Hf0.09Mo0.11Nb0.24Ti0.27V0.1Zr0.19
