Predicted_Yield_Strength,Conditioned_Temp,Al_frac,Co_frac,Cr_frac,Hf_frac,Mo_frac,Nb_frac,Si_frac,Ta_frac,Ti_frac,V_frac,W_frac,Zr_frac,Density,Young_Modulus_ROM,Young_Modulus_Exp,Specific_Strength,Equilibrium_Conditions_encoded,Single_Multiphase_encoded,Type_Present_Phases_encoded,Tension_Compression_encoded,Alloy_Formula
1582.9191,800.0,0.0,0.0,0.0,0.0,0.12517919,0.26006797,0.0,0.13586693,0.2523623,0.0,0.0,0.2265236,8.726298,139.15775,112.57629,114.019806,2,1,6,0,Mo0.13Nb0.26Ta0.14Ti0.25Zr0.23
1582.1921,800.0,0.0,0.0,0.0,0.0,0.12312963,0.25988728,0.0,0.1366688,0.2527319,0.0,0.0,0.22758241,8.73017,138.69681,112.24916,113.79082,2,1,6,0,Mo0.12Nb0.26Ta0.14Ti0.25Zr0.23
1578.3234,800.0,0.0,0.0,0.0,0.0,0.12292881,0.26088044,0.0,0.13341816,0.25415507,0.0,0.0,0.22861743,8.682005,138.69489,112.14578,114.38973,2,1,6,0,Mo0.12Nb0.26Ta0.13Ti0.25Zr0.23
1577.0222,800.0,0.0,0.0,0.0,0.0,0.12747625,0.26025838,0.0,0.13656725,0.25134712,0.0,0.0,0.22435097,8.7421055,139.70956,112.98788,113.34558,2,1,6,0,Mo0.13Nb0.26Ta0.14Ti0.25Zr0.22
1575.8975,800.0,0.0,0.0,0.0,0.0,0.12411814,0.2582893,0.0,0.14205009,0.25059867,0.0,0.0,0.22494383,8.802627,138.92976,112.26242,112.24539,2,1,6,0,Mo0.12Nb0.26Ta0.14Ti0.25Zr0.22
