Predicted_Yield_Strength,Conditioned_Temp,Al_frac,Co_frac,Cr_frac,Hf_frac,Mo_frac,Nb_frac,Si_frac,Ta_frac,Ti_frac,V_frac,W_frac,Zr_frac,Density,Young_Modulus_ROM,Young_Modulus_Exp,Specific_Strength,Equilibrium_Conditions_encoded,Single_Multiphase_encoded,Type_Present_Phases_encoded,Tension_Compression_encoded,Alloy_Formula
1966.7184,800.0,0.0,0.0,0.0,0.18637645,0.0,0.20443991,0.0,0.16895446,0.22009255,0.0,0.0,0.2201366,9.420941,126.63588,105.23238,122.26516,2,1,7,0,Hf0.19Nb0.2Ta0.17Ti0.22Zr0.22
1961.4287,800.0,0.0,0.0,0.0,0.18502815,0.0,0.20643076,0.0,0.16679381,0.22082001,0.0,0.0,0.22092727,9.390689,126.60208,105.687126,122.271355,2,1,7,0,Hf0.19Nb0.21Ta0.17Ti0.22Zr0.22
1952.4299,800.0,0.0,0.0,0.0,0.18484184,0.0,0.20475121,0.0,0.17085348,0.21970303,0.0,0.0,0.21985039,9.433385,126.88415,105.507256,121.39892,2,1,7,0,Hf0.18Nb0.2Ta0.17Ti0.22Zr0.22
1946.8932,800.0,0.0,0.0,0.0,0.18439037,0.0,0.20784642,0.0,0.1653603,0.22210646,0.0,0.0,0.22029653,9.369739,126.85748,105.57697,122.07462,2,1,7,0,Hf0.18Nb0.21Ta0.17Ti0.22Zr0.22
1943.9012,800.0,0.0,0.0,0.0,0.1852653,0.0,0.20896982,0.0,0.1626532,0.22338153,0.0,0.0,0.21973017,9.345248,126.79673,105.46682,122.1963,2,1,7,0,Hf0.19Nb0.21Ta0.16Ti0.22Zr0.22
